dataset,task,target,samples,evaluation,method,accuracy,speedup_vs_rf,hdc_dimension,hdc_active_dims,linear_svc_c,encoding_variant,execution,timing_scope,speedup_comparability
Marine eDNA,Marine location,geo_loc_name,3887,stratified random 80/20,Random Forest,0.8868894602,1.0000,,,,explicit abundance,CPU,prediction wall time,within-task only
Marine eDNA,Marine location,geo_loc_name,3887,stratified random 80/20,Explicit-Vocab (SVM),0.9550128535,0.8825,,,,explicit vocabulary + TF-IDF,CPU,prediction wall time,within-task only
Marine eDNA,Marine location,geo_loc_name,3887,stratified random 80/20,HDC-Linear_opt,0.9640102828,9.8804,32768,,16,non-negative FeatureHasher + TF-IDF,GPU,cached-input prediction pipeline,within-task mixed CPU/GPU benchmark
EMP 16S,EMPO1,empo_1,25145,stratified random 80/20,Random Forest,0.9411413800,1.0000,,,,explicit ASV abundance,CPU,cached-input prediction pipeline,cache-format confounded
EMP 16S,EMPO1,empo_1,25145,stratified random 80/20,Explicit-Vocab (SVM),0.9654006761,1.2631,,,,explicit ASV vocabulary + TF-IDF,CPU,BIOM load + filtering + prediction,legacy mixed-scope
EMP 16S,EMPO1,empo_1,25145,stratified random 80/20,HDC-Linear_opt,0.9630145158,19.7574,32768,32,2,sublinear TF-IDF + sparse bipolar projection,GPU,cached-input prediction pipeline,cache-format confounded
EMP 16S,EMPO2,empo_2,25145,stratified random 80/20,Random Forest,0.9349771326,1.0000,,,,explicit ASV abundance,CPU,cached-input prediction pipeline,cache-format confounded
EMP 16S,EMPO2,empo_2,25145,stratified random 80/20,Explicit-Vocab (SVM),0.9612248956,1.2541,,,,explicit ASV vocabulary + TF-IDF,CPU,BIOM load + filtering + prediction,legacy mixed-scope
EMP 16S,EMPO2,empo_2,25145,stratified random 80/20,HDC-Linear_opt,0.9596341221,19.9267,32768,32,1,sublinear TF-IDF + sparse bipolar projection,GPU,cached-input prediction pipeline,cache-format confounded
EMP 16S,EMPO3,empo_3,25145,stratified random 80/20,Random Forest,0.9156890038,1.0000,,,,explicit ASV abundance,CPU,cached-input prediction pipeline,cache-format confounded
EMP 16S,EMPO3,empo_3,25145,stratified random 80/20,Explicit-Vocab (SVM),0.9522767946,1.2337,,,,explicit ASV vocabulary + TF-IDF,CPU,BIOM load + filtering + prediction,legacy mixed-scope
EMP 16S,EMPO3,empo_3,25145,stratified random 80/20,HDC-Linear_opt,0.9467090873,35.9722,16384,16,20,sublinear TF-IDF + sparse bipolar projection,GPU,cached-input prediction pipeline,cache-format confounded
HMTOL,HMTOL before QC,Country,15479,stratified random 80/20,Random Forest,0.8559431525,1.0000,,,,explicit ASV abundance,CPU,cached-input prediction pipeline,within-task cache benchmark
HMTOL,HMTOL before QC,Country,15479,stratified random 80/20,Explicit-Vocab (SVM),0.9786821705,5.3258,,,,explicit ASV vocabulary + TF-IDF,CPU,cached-input prediction pipeline,within-task cache benchmark
HMTOL,HMTOL before QC,Country,15479,stratified random 80/20,HDC-Linear_opt,0.9790051680,15.9610,32768,32,10,sublinear TF-IDF + sparse bipolar projection,GPU,cached-input prediction pipeline,cache-format confounded
HMTOL QC,HMTOL QC Continent,Continent,15679,3-fold study-held-out CV,Random Forest,0.3783404554,1.0000,,,,explicit ASV abundance,CPU,cached held-out counts through prediction,same benchmark harness
HMTOL QC,HMTOL QC Continent,Continent,15679,3-fold study-held-out CV,Explicit-Vocab (SVM),0.4278971873,4.0372,,,,explicit ASV vocabulary + TF-IDF,CPU,cached held-out counts through prediction,same benchmark harness
HMTOL QC,HMTOL QC Continent,Continent,15679,3-fold study-held-out CV,HDC-Linear_opt,0.4317877416,7.4512,32768,32,10,sublinear TF-IDF + sparse bipolar projection,GPU,optimized cached arrays through prediction,same benchmark harness
HMTOL QC,HMTOL QC Region,region,15679,3-fold study-held-out CV,Random Forest,0.3160278079,1.0000,,,,explicit ASV abundance,CPU,cached held-out counts through prediction,same benchmark harness
HMTOL QC,HMTOL QC Region,region,15679,3-fold study-held-out CV,Explicit-Vocab (SVM),0.4372727853,4.0812,,,,explicit ASV vocabulary + TF-IDF,CPU,cached held-out counts through prediction,same benchmark harness
HMTOL QC,HMTOL QC Region,region,15679,3-fold study-held-out CV,HDC-Linear_opt,0.4294916768,7.7814,32768,32,10,sublinear TF-IDF + sparse bipolar projection,GPU,optimized cached arrays through prediction,same benchmark harness
