level,dimension,active_dims,c_value,samples,train_samples,test_samples,accuracy,balanced_accuracy,build_and_train_sec
EMPO_1,1024,32,2.0,25145,20116,5029,0.9339828991847285,0.7571518873419292,7.904981451109052
EMPO_2,1024,32,1.0,25145,20116,5029,0.9415390733744283,0.8208482093575933,10.061569319106638
EMPO_3,1024,16,20.0,25145,20116,5029,0.9037582024259296,0.8037448121888643,24.524410903919488
EMPO_1,2048,32,2.0,25145,20116,5029,0.9449194670908729,0.7643905258474741,12.026568770874292
EMPO_2,2048,32,1.0,25145,20116,5029,0.948101014118115,0.8106934314825894,13.223947059828788
EMPO_3,2048,16,20.0,25145,20116,5029,0.9214555577649632,0.8740149696863019,40.50047334935516
EMPO_1,4096,32,2.0,25145,20116,5029,0.9488964008749254,0.7670887905694884,18.07468631118536
EMPO_2,4096,32,1.0,25145,20116,5029,0.9528733346589779,0.8327621532306586,20.788480481132865
EMPO_3,4096,16,20.0,25145,20116,5029,0.9389540664147942,0.8934551292251035,67.50076392386109
EMPO_1,8192,32,2.0,25145,20116,5029,0.9582421952674488,0.773281936399744,28.59864241303876
EMPO_2,8192,32,1.0,25145,20116,5029,0.9576456551998409,0.8367504124981875,34.49441157281399
EMPO_3,8192,16,20.0,25145,20116,5029,0.9461125472260887,0.9167609808824374,105.64314524037763
EMPO_1,16384,32,2.0,25145,20116,5029,0.9618214356730961,0.7757266550856942,44.15858570532873
EMPO_2,16384,32,1.0,25145,20116,5029,0.9596341220918672,0.8390559545074695,55.055545065086335
EMPO_3,16384,16,20.0,25145,20116,5029,0.9467090872936965,0.91629863553968,184.8951068702154
EMPO_1,32768,32,2.0,25145,20116,5029,0.9630145158083118,0.7765373868435397,39.3054614989087
EMPO_2,32768,32,1.0,25145,20116,5029,0.9596341220918672,0.8387598277249443,40.24865731270984
EMPO_3,32768,16,20.0,25145,20116,5029,0.9486975541857228,0.9184025511053933,234.26851549884304
